[{"_id": {"$oid": "5ea033719105a8197c0af6da"}, "courseid": "LSINF1101_adaptive", "taskid": "FirstSum", "status": "done", "submitted_on": {"$date": 1587564433450}, "username": ["superadmin"], "response_type": "rst", "input": {"$oid": "5ea033719105a8197c0af6d8"}, "archive": {"$oid": "5ea033749105a8197c0af6db"}, "custom": {}, "grade": 0.0, "problems": {}, "result": "failed", "state": "", "stderr": "", "stdout": "======================================================================\nERROR: test_sum (TestSum.TestSum)\n----------------------------------------------------------------------\nTraceback (most recent call last):\n  File \"./src/TestSum.py\", line 17, in test_sum\n  File \"/task/student/sum.py\", line 7, in sum\n    result+=i\nUnboundLocalError: local variable 'result' referenced before assignment\n\n----------------------------------------------------------------------\nRan 1 test in 0.000s\n\nFAILED (errors=1)\n\n", "tests": {}, "text": "It seems that you have made mistakes in your code\u2026\n\n\n\n.. code-block:: python\n\n\t======================================================================\n\tERROR: test_sum (TestSum.TestSum)\n\t----------------------------------------------------------------------\n\tTraceback (most recent call last):\n\t  File \"./src/TestSum.py\", line 17, in test_sum\n\t  File \"/task/student/sum.py\", line 7, in sum\n\t    result+=i\n\tUnboundLocalError: local variable 'result' referenced before assignment\n\t\n\t----------------------------------------------------------------------\n\tRan 1 test in 0.000s\n\t\n\tFAILED (errors=1)\n\n\n"}, {"_id": {"$oid": "5ea034b93b9208a5bb864385"}, "courseid": "LSINF1101_adaptive", "taskid": "FirstSum", "status": "done", "submitted_on": {"$date": 1587564761894}, "username": ["superadmin"], "response_type": "rst", "input": {"$oid": "5ea034b93b9208a5bb864383"}, "archive": {"$oid": "5ea034bc3b9208a5bb864386"}, "custom": {}, "grade": 0.0, "problems": {}, "result": "failed", "state": "", "stderr": "", "stdout": "======================================================================\nERROR: test_sum (TestSum.TestSum)\n----------------------------------------------------------------------\nTraceback (most recent call last):\n  File \"./src/TestSum.py\", line 17, in test_sum\n  File \"/task/student/sum.py\", line 7, in sum\n    result+=i\nUnboundLocalError: local variable 'result' referenced before assignment\n\n----------------------------------------------------------------------\nRan 1 test in 0.000s\n\nFAILED (errors=1)\n\n", "tests": {}, "text": "It seems that you have made mistakes in your code\u2026\n\n\n\n.. code-block:: python\n\n\t======================================================================\n\tERROR: test_sum (TestSum.TestSum)\n\t----------------------------------------------------------------------\n\tTraceback (most recent call last):\n\t  File \"./src/TestSum.py\", line 17, in test_sum\n\t  File \"/task/student/sum.py\", line 7, in sum\n\t    result+=i\n\tUnboundLocalError: local variable 'result' referenced before assignment\n\t\n\t----------------------------------------------------------------------\n\tRan 1 test in 0.000s\n\t\n\tFAILED (errors=1)\n\n\n"}, {"_id": {"$oid": "5ea034ca3b9208a5bb86438a"}, "courseid": "LSINF1101_adaptive", "taskid": "FirstSum", "status": "done", "submitted_on": {"$date": 1587564778350}, "username": ["superadmin"], "response_type": "rst", "input": {"$oid": "5ea034ca3b9208a5bb864388"}, "archive": {"$oid": "5ea034cc3b9208a5bb86438b"}, "custom": {}, "grade": 100.0, "problems": {}, "result": "success", "state": "", "stderr": "", "stdout": "----------------------------------------------------------------------\nRan 1 test in 0.000s\n\nOK\n\n", "tests": {}, "text": ""}, {"_id": {"$oid": "5e9726311c645569c5145e8f"}, "courseid": "LSINF1101_adaptive", "taskid": "Interval", "status": "done", "submitted_on": {"$date": 1586971217076}, "username": ["superadmin"], "response_type": "rst", "input": {"$oid": "5e9726311c645569c5145e8d"}, "archive": {"$oid": "5e9726341c645569c5145e90"}, "custom": {}, "grade": 100.0, "problems": {}, "result": "success", "state": "", "stderr": "", "stdout": "----------------------------------------------------------------------\nRan 2 tests in 0.000s\n\nOK\n\n", "tests": {}, "text": ""}, {"_id": {"$oid": "5e9ee9964774e3f43b4ad083"}, "courseid": "LSINF1101_adaptive", "taskid": "Median", "status": "done", "submitted_on": {"$date": 1587479990839}, "username": ["superadmin"], "response_type": "rst", "input": {"$oid": "5e9ee9964774e3f43b4ad081"}, "archive": {"$oid": "5e9ee9994774e3f43b4ad084"}, "custom": {}, "grade": 0.0, "problems": {}, "result": "failed", "state": "", "stderr": "", "stdout": "======================================================================\nFAIL: test_median (TestMedian.TestMedian)\n----------------------------------------------------------------------\nTraceback (most recent call last):\n  File \"./src/TestMedian.py\", line 21, in test_median\nAssertionError: 83 != 91 : The median of [91, 83, 82] is 83 and you returned 91.\n\n----------------------------------------------------------------------\nRan 2 tests in 0.000s\n\nFAILED (failures=1)\n\n", "tests": {}, "text": "It seems that you have made mistakes in your code\u2026\n\n\n\n.. code-block:: python\n\n\tFailed test:\n\t83 != 91 : The median of [91, 83, 82] is 83 and you returned 91.\n\t\n\t----------------------------------------------------------------------\n\tRan 2 tests in 0.000s\n\t\n\tFAILED (failures=1)\n\n\n"}, {"_id": {"$oid": "5e9f0bf7b8e80f92477a781c"}, "courseid": "LSINF1101_adaptive", "taskid": "Median", "status": "done", "submitted_on": {"$date": 1587488791825}, "username": ["superadmin"], "response_type": "rst", "input": {"$oid": "5e9f0bf7b8e80f92477a781a"}, "archive": {"$oid": "5e9f0bfab8e80f92477a781d"}, "custom": {}, "grade": 0.0, "problems": {}, "result": "failed", "state": "", "stderr": "", "stdout": "======================================================================\nFAIL: test_median (TestMedian.TestMedian)\n----------------------------------------------------------------------\nTraceback (most recent call last):\n  File \"./src/TestMedian.py\", line 21, in test_median\nAssertionError: 71 != 93 : The median of [93, 28, 71] is 71 and you returned 93.\n\n----------------------------------------------------------------------\nRan 2 tests in 0.000s\n\nFAILED (failures=1)\n\n", "tests": {}, "text": "It seems that you have made mistakes in your code\u2026\n\n\n\n.. code-block:: python\n\n\tFailed test:\n\t71 != 93 : The median of [93, 28, 71] is 71 and you returned 93.\n\t\n\t----------------------------------------------------------------------\n\tRan 2 tests in 0.000s\n\t\n\tFAILED (failures=1)\n\n\n"}, {"_id": {"$oid": "5e9726bb1c645569c5145e94"}, "courseid": "LSINF1101_adaptive", "taskid": "Min", "status": "done", "submitted_on": {"$date": 1586971355425}, "username": ["superadmin"], "response_type": "rst", "input": {"$oid": "5e9726bb1c645569c5145e92"}, "archive": {"$oid": "5e9726bd1c645569c5145e95"}, "custom": {}, "grade": 100.0, "problems": {}, "result": "success", "state": "", "stderr": "", "stdout": "----------------------------------------------------------------------\nRan 1 test in 0.000s\n\nOK\n\n", "tests": {}, "text": ""}, {"_id": {"$oid": "5e972cf41c645569c5145e99"}, "courseid": "LSINF1101_adaptive", "taskid": "Polynomial", "status": "done", "submitted_on": {"$date": 1586972948521}, "username": ["superadmin"], "response_type": "rst", "input": {"$oid": "5e972cf41c645569c5145e97"}, "archive": {"$oid": "5e972cf71c645569c5145e9a"}, "custom": {}, "grade": 100.0, "problems": {}, "result": "success", "state": "", "stderr": "", "stdout": "----------------------------------------------------------------------\nRan 1 test in 0.001s\n\nOK\n\n", "tests": {}, "text": ""}, {"_id": {"$oid": "5e9761efcadf1a45b10d6aa0"}, "courseid": "LSINF1101_adaptive", "taskid": "SumToComplete", "status": "done", "submitted_on": {"$date": 1586986511108}, "username": ["superadmin"], "response_type": "rst", "input": {"$oid": "5e9761efcadf1a45b10d6a9e"}, "archive": {"$oid": "5e9761f1cadf1a45b10d6aa1"}, "custom": {}, "grade": 0.0, "problems": {}, "result": "failed", "state": "", "stderr": "", "stdout": "======================================================================\nFAIL: test_sum (TestSum.TestSum)\n----------------------------------------------------------------------\nTraceback (most recent call last):\n  File \"./src/TestSum.py\", line 17, in test_sum\nAssertionError: 3540 != 870 : La somme des 59 premiers entiers est 3540 et tu as renvoy\u00e9 870.\n\n----------------------------------------------------------------------\nRan 1 test in 0.000s\n\nFAILED (failures=1)\n\n", "tests": {}, "text": "It seems that you have made mistakes in your code\u2026\n\n\n\n.. code-block:: python\n\n\tFailed test:\n\t3540 != 870 : La somme des 59 premiers entiers est 3540 et tu as renvoy\u00e9 870.\n\t\n\t----------------------------------------------------------------------\n\tRan 1 test in 0.000s\n\t\n\tFAILED (failures=1)\n\n\n"}, {"_id": {"$oid": "5e976223cadf1a45b10d6aa5"}, "courseid": "LSINF1101_adaptive", "taskid": "SumToComplete", "status": "done", "submitted_on": {"$date": 1586986563480}, "username": ["superadmin"], "response_type": "rst", "input": {"$oid": "5e976223cadf1a45b10d6aa3"}, "archive": {"$oid": "5e976225cadf1a45b10d6aa6"}, "custom": {}, "grade": 0.0, "problems": {}, "result": "failed", "state": "", "stderr": "", "stdout": "======================================================================\nFAIL: test_sum (TestSum.TestSum)\n----------------------------------------------------------------------\nTraceback (most recent call last):\n  File \"./src/TestSum.py\", line 17, in test_sum\nAssertionError: 306 != 153 : La somme des 17 premiers entiers est 306 et tu as renvoy\u00e9 153.\n\n----------------------------------------------------------------------\nRan 1 test in 0.000s\n\nFAILED (failures=1)\n\n", "tests": {}, "text": "It seems that you have made mistakes in your code\u2026\n\n\n\n.. code-block:: python\n\n\tFailed test:\n\t306 != 153 : La somme des 17 premiers entiers est 306 et tu as renvoy\u00e9 153.\n\t\n\t----------------------------------------------------------------------\n\tRan 1 test in 0.000s\n\t\n\tFAILED (failures=1)\n\n\n"}, {"_id": {"$oid": "5e976282cadf1a45b10d6aaa"}, "courseid": "LSINF1101_adaptive", "taskid": "SumToComplete", "status": "done", "submitted_on": {"$date": 1586986658657}, "username": ["superadmin"], "response_type": "rst", "input": {"$oid": "5e976282cadf1a45b10d6aa8"}, "archive": {"$oid": "5e976284cadf1a45b10d6aab"}, "custom": {}, "grade": 0.0, "problems": {}, "result": "failed", "state": "", "stderr": "", "stdout": "======================================================================\nFAIL: test_sum (TestSum.TestSum)\n----------------------------------------------------------------------\nTraceback (most recent call last):\n  File \"./src/TestSum.py\", line 17, in test_sum\nAssertionError: 8930 != 4465 : La somme des 94 premiers entiers est 8930 et tu as renvoy\u00e9 4465.\n\n----------------------------------------------------------------------\nRan 1 test in 0.000s\n\nFAILED (failures=1)\n\n", "tests": {}, "text": "It seems that you have made mistakes in your code\u2026\n\n\n\n.. code-block:: python\n\n\tFailed test:\n\t8930 != 4465 : La somme des 94 premiers entiers est 8930 et tu as renvoy\u00e9 4465.\n\t\n\t----------------------------------------------------------------------\n\tRan 1 test in 0.000s\n\t\n\tFAILED (failures=1)\n\n\n"}, {"_id": {"$oid": "5e976299cadf1a45b10d6aaf"}, "courseid": "LSINF1101_adaptive", "taskid": "SumToComplete", "status": "done", "submitted_on": {"$date": 1586986681491}, "username": ["superadmin"], "response_type": "rst", "input": {"$oid": "5e976299cadf1a45b10d6aad"}, "archive": {"$oid": "5e97629bcadf1a45b10d6ab0"}, "custom": {}, "grade": 0.0, "problems": {}, "result": "failed", "state": "", "stderr": "", "stdout": "======================================================================\nFAIL: test_sum (TestSum.TestSum)\n----------------------------------------------------------------------\nTraceback (most recent call last):\n  File \"./src/TestSum.py\", line 17, in test_sum\nAssertionError: 2352 != 2304 : La somme des 48 premiers entiers est 2352 et tu as renvoy\u00e9 2304.\n\n----------------------------------------------------------------------\nRan 1 test in 0.000s\n\nFAILED (failures=1)\n\n", "tests": {}, "text": "It seems that you have made mistakes in your code\u2026\n\n\n\n.. code-block:: python\n\n\tFailed test:\n\t2352 != 2304 : La somme des 48 premiers entiers est 2352 et tu as renvoy\u00e9 2304.\n\t\n\t----------------------------------------------------------------------\n\tRan 1 test in 0.000s\n\t\n\tFAILED (failures=1)\n\n\n"}, {"_id": {"$oid": "5e9762a2cadf1a45b10d6ab4"}, "courseid": "LSINF1101_adaptive", "taskid": "SumToComplete", "status": "done", "submitted_on": {"$date": 1586986690901}, "username": ["superadmin"], "response_type": "rst", "input": {"$oid": "5e9762a2cadf1a45b10d6ab2"}, "archive": {"$oid": "5e9762a4cadf1a45b10d6ab5"}, "custom": {}, "grade": 0.0, "problems": {}, "result": "failed", "state": "", "stderr": "", "stdout": "======================================================================\nFAIL: test_sum (TestSum.TestSum)\n----------------------------------------------------------------------\nTraceback (most recent call last):\n  File \"./src/TestSum.py\", line 17, in test_sum\nAssertionError: 7656 != 7744 : La somme des 87 premiers entiers est 7656 et tu as renvoy\u00e9 7744.\n\n----------------------------------------------------------------------\nRan 1 test in 0.000s\n\nFAILED (failures=1)\n\n", "tests": {}, "text": "It seems that you have made mistakes in your code\u2026\n\n\n\n.. code-block:: python\n\n\tFailed test:\n\t7656 != 7744 : La somme des 87 premiers entiers est 7656 et tu as renvoy\u00e9 7744.\n\t\n\t----------------------------------------------------------------------\n\tRan 1 test in 0.000s\n\t\n\tFAILED (failures=1)\n\n\n"}, {"_id": {"$oid": "5e97675dcadf1a45b10d6ab9"}, "courseid": "LSINF1101_adaptive", "taskid": "SumToComplete", "status": "done", "submitted_on": {"$date": 1586987901624}, "username": ["superadmin"], "response_type": "rst", "input": {"$oid": "5e97675dcadf1a45b10d6ab7"}, "archive": {"$oid": "5e97675fcadf1a45b10d6aba"}, "custom": {}, "grade": 100.0, "problems": {}, "result": "success", "state": "", "stderr": "", "stdout": "----------------------------------------------------------------------\nRan 1 test in 0.000s\n\nOK\n\n", "tests": {}, "text": ""}, {"_id": {"$oid": "5e9601d439c7a27046ad874e"}, "courseid": "LSINF1101_adaptive", "taskid": "Type_Question", "status": "done", "submitted_on": {"$date": 1586896372629}, "username": ["superadmin"], "response_type": "rst", "input": {"$oid": "5e9601d439c7a27046ad874c"}, "archive": null, "custom": {}, "grade": 0.0, "problems": {"q1": ["failed", "Wrong answer\n\nLes am\u00e9ricains utilisent des dollars et des cents. Vous devez donc pouvoir repr\u00e9senter un budget de 3.45$, ce que le type ``float`` ne permet pas.\n\nDe plus, lorsqu'une variable ne peut prendre que \u00e9 valeurs, il est pr\u00e9f\u00e9rable d'en faire un bool."]}, "result": "failed", "state": "", "stderr": null, "stdout": null, "tests": {}, "text": "You have 1 wrong answer(s).\n\n\nAmong them, you have 1 invalid answers in the multiple choice questions"}, {"_id": {"$oid": "5e9601d839c7a27046ad8751"}, "courseid": "LSINF1101_adaptive", "taskid": "Type_Question", "status": "done", "submitted_on": {"$date": 1586896376591}, "username": ["superadmin"], "response_type": "rst", "input": {"$oid": "5e9601d839c7a27046ad874f"}, "archive": null, "custom": {}, "grade": 100.0, "problems": {}, "result": "success", "state": "", "stderr": null, "stdout": null, "tests": {}, "text": ""}]