[{"_id": {"$oid": "5e95def5ea0e40facb1efe39"}, "courseid": "LSINF1101_adaptive", "taskid": "Min", "username": "superadmin", "grade": 100.0, "state": "", "submissionid": {"$oid": "5e9726bb1c645569c5145e94"}, "succeeded": true, "tried": 1, "random": [], "tokens": {"amount": 1}}, {"_id": {"$oid": "5e9600e7ea0e40facb1f0230"}, "courseid": "LSINF1101_adaptive", "taskid": "Session2_QCM", "username": "superadmin", "grade": 0.0, "state": "", "submissionid": null, "succeeded": false, "tried": 0, "random": []}, {"_id": {"$oid": "5e9601ceea0e40facb1f02bf"}, "courseid": "LSINF1101_adaptive", "taskid": "Type_Question", "username": "superadmin", "grade": 100.0, "state": "", "submissionid": {"$oid": "5e9601d839c7a27046ad8751"}, "succeeded": true, "tried": 2, "random": [], "tokens": {"amount": 2}}, {"_id": {"$oid": "5e972608facd4414f34e1665"}, "courseid": "LSINF1101_adaptive", "taskid": "Interval", "username": "superadmin", "grade": 100.0, "state": "", "submissionid": {"$oid": "5e9726311c645569c5145e8f"}, "succeeded": true, "tried": 1, "random": [], "tokens": {"amount": 1}}, {"_id": {"$oid": "5e972cc7facd4414f34e17cd"}, "courseid": "LSINF1101_adaptive", "taskid": "Polynomial", "username": "superadmin", "grade": 100.0, "state": "", "submissionid": {"$oid": "5e972cf41c645569c5145e99"}, "succeeded": true, "tried": 1, "random": [], "tokens": {"amount": 1}}, {"_id": {"$oid": "5e97614e51f20c6ba7717398"}, "courseid": "LSINF1101_adaptive", "taskid": "Median", "username": "superadmin", "grade": 0.0, "state": "", "submissionid": {"$oid": "5e9f0bf7b8e80f92477a781c"}, "succeeded": false, "tried": 2, "random": [], "tokens": {"amount": 2}}, {"_id": {"$oid": "5e9761af51f20c6ba77173e2"}, "courseid": "LSINF1101_adaptive", "taskid": "SumToComplete", "username": "superadmin", "grade": 100.0, "state": "", "submissionid": {"$oid": "5e97675dcadf1a45b10d6ab9"}, "succeeded": true, "tried": 6, "random": [], "tokens": {"amount": 6}}, {"_id": {"$oid": "5e97685051f20c6ba77175ae"}, "courseid": "LSINF1101_adaptive", "taskid": "FirstSum", "username": "superadmin", "grade": 100.0, "state": "", "submissionid": {"$oid": "5ea034ca3b9208a5bb86438a"}, "succeeded": true, "tried": 3, "random": [], "tokens": {"amount": 3}}, {"_id": {"$oid": "5e989e164aeebf63c210c4ce"}, "courseid": "LSINF1101_adaptive", "taskid": "Session4_QCM", "username": "superadmin", "grade": 0.0, "state": "", "submissionid": null, "succeeded": false, "tried": 0, "random": []}, {"_id": {"$oid": "5e9964f4e468f842902a1e8b"}, "courseid": "LSINF1101_adaptive", "taskid": "Prime", "username": "superadmin", "grade": 0.0, "state": "", "submissionid": null, "succeeded": false, "tried": 0, "random": []}, {"_id": {"$oid": "5e9964f7e468f842902a1e97"}, "courseid": "LSINF1101_adaptive", "taskid": "REAL02", "username": "superadmin", "grade": 0.0, "state": "", "submissionid": null, "succeeded": false, "tried": 0, "random": []}, {"_id": {"$oid": "5e996855e468f842902a1f99"}, "courseid": "LSINF1101_adaptive", "taskid": "SimpleMath", "username": "superadmin", "grade": 0.0, "state": "", "submissionid": null, "succeeded": false, "tried": 0, "random": []}, {"_id": {"$oid": "5e996a4ae468f842902a2020"}, "courseid": "LSINF1101_adaptive", "taskid": "Hello", "username": "superadmin", "grade": 0.0, "state": "", "submissionid": null, "succeeded": false, "tried": 0, "random": []}, {"_id": {"$oid": "5e9ee96c936a2878bcd219e3"}, "courseid": "LSINF1101_adaptive", "taskid": "DummyScript", "username": "superadmin", "grade": 0.0, "state": "", "submissionid": null, "succeeded": false, "tried": 0, "random": []}, {"_id": {"$oid": "5e9ee96d936a2878bcd219ee"}, "courseid": "LSINF1101_adaptive", "taskid": "Session1_QCM", "username": "superadmin", "grade": 0.0, "state": "", "submissionid": null, "succeeded": false, "tried": 0, "random": []}, {"_id": {"$oid": "5e9f0a16936a2878bcd21d47"}, "courseid": "LSINF1101_adaptive", "taskid": "QBF01", "username": "superadmin", "grade": 0.0, "state": "", "submissionid": null, "succeeded": false, "tried": 0, "random": []}, {"_id": {"$oid": "5e9f0a18936a2878bcd21d67"}, "courseid": "LSINF1101_adaptive", "taskid": "Bath", "username": "superadmin", "grade": 0.0, "state": "", "submissionid": null, "succeeded": false, "tried": 0, "random": []}, {"_id": {"$oid": "5e9f0a66936a2878bcd21def"}, "courseid": "LSINF1101_adaptive", "taskid": "QBF02", "username": "superadmin", "grade": 0.0, "state": "", "submissionid": null, "succeeded": false, "tried": 0, "random": []}, {"_id": {"$oid": "5e9f0a67936a2878bcd21e10"}, "courseid": "LSINF1101_adaptive", "taskid": "Remainder", "username": "superadmin", "grade": 0.0, "state": "", "submissionid": null, "succeeded": false, "tried": 0, "random": []}, {"_id": {"$oid": "5e9f0a68936a2878bcd21e1c"}, "courseid": "LSINF1101_adaptive", "taskid": "SimpleMax", "username": "superadmin", "grade": 0.0, "state": "", "submissionid": null, "succeeded": false, "tried": 0, "random": []}, {"_id": {"$oid": "5e9f0a68936a2878bcd21e27"}, "courseid": "LSINF1101_adaptive", "taskid": "SimpleFactorial", "username": "superadmin", "grade": 0.0, "state": "", "submissionid": null, "succeeded": false, "tried": 0, "random": []}, {"_id": {"$oid": "5e9f0a69936a2878bcd21e3c"}, "courseid": "LSINF1101_adaptive", "taskid": "QBF03", "username": "superadmin", "grade": 0.0, "state": "", "submissionid": null, "succeeded": false, "tried": 0, "random": []}, {"_id": {"$oid": "5e9f0a6b936a2878bcd21e65"}, "courseid": "LSINF1101_adaptive", "taskid": "Triangle", "username": "superadmin", "grade": 0.0, "state": "", "submissionid": null, "succeeded": false, "tried": 0, "random": []}, {"_id": {"$oid": "5e9f0a6b936a2878bcd21e70"}, "courseid": "LSINF1101_adaptive", "taskid": "Carre", "username": "superadmin", "grade": 0.0, "state": "", "submissionid": null, "succeeded": false, "tried": 0, "random": []}, {"_id": {"$oid": "5e9f0a6c936a2878bcd21e7b"}, "courseid": "LSINF1101_adaptive", "taskid": "Max", "username": "superadmin", "grade": 0.0, "state": "", "submissionid": null, "succeeded": false, "tried": 0, "random": []}, {"_id": {"$oid": "5e9f0a6c936a2878bcd21e86"}, "courseid": "LSINF1101_adaptive", "taskid": "Ajoute", "username": "superadmin", "grade": 0.0, "state": "", "submissionid": null, "succeeded": false, "tried": 0, "random": []}, {"_id": {"$oid": "5e9f0a6d936a2878bcd21e91"}, "courseid": "LSINF1101_adaptive", "taskid": "Recherche", "username": "superadmin", "grade": 0.0, "state": "", "submissionid": null, "succeeded": false, "tried": 0, "random": []}, {"_id": {"$oid": "5e9f0a6d936a2878bcd21ea8"}, "courseid": "LSINF1101_adaptive", "taskid": "Primes", "username": "superadmin", "grade": 0.0, "state": "", "submissionid": null, "succeeded": false, "tried": 0, "random": []}, {"_id": {"$oid": "5e9f0a6d936a2878bcd21eb3"}, "courseid": "LSINF1101_adaptive", "taskid": "QBF04", "username": "superadmin", "grade": 0.0, "state": "", "submissionid": null, "succeeded": false, "tried": 0, "random": []}, {"_id": {"$oid": "5e9f0a6e936a2878bcd21ec8"}, "courseid": "LSINF1101_adaptive", "taskid": "Count", "username": "superadmin", "grade": 0.0, "state": "", "submissionid": null, "succeeded": false, "tried": 0, "random": []}, {"_id": {"$oid": "5e9f0a6f936a2878bcd21edd"}, "courseid": "LSINF1101_adaptive", "taskid": "BinarySearch", "username": "superadmin", "grade": 0.0, "state": "", "submissionid": null, "succeeded": false, "tried": 0, "random": []}, {"_id": {"$oid": "5e9f0a6f936a2878bcd21ee8"}, "courseid": "LSINF1101_adaptive", "taskid": "QBF05", "username": "superadmin", "grade": 0.0, "state": "", "submissionid": null, "succeeded": false, "tried": 0, "random": []}, {"_id": {"$oid": "5e9f0a70936a2878bcd21ef3"}, "courseid": "LSINF1101_adaptive", "taskid": "DictCreation", "username": "superadmin", "grade": 0.0, "state": "", "submissionid": null, "succeeded": false, "tried": 0, "random": []}, {"_id": {"$oid": "5ea041a725a5a5d8f8a4e725"}, "courseid": "LSINF1101_adaptive", "taskid": "REAL01", "username": "superadmin", "grade": 0.0, "state": "", "submissionid": null, "succeeded": false, "tried": 0, "random": []}, {"_id": {"$oid": "5ea0423425a5a5d8f8a4e79f"}, "courseid": "LSINF1101_adaptive", "taskid": "Factorial", "username": "superadmin", "grade": 0.0, "state": "", "submissionid": null, "succeeded": false, "tried": 0, "random": []}, {"_id": {"$oid": "5ea0be8225a5a5d8f8a4f3bb"}, "courseid": "LSINF1101_adaptive", "taskid": "PairSame", "username": "superadmin", "grade": 0.0, "state": "", "submissionid": null, "succeeded": false, "tried": 0, "random": []}, {"_id": {"$oid": "5ea0be8625a5a5d8f8a4f3d8"}, "courseid": "LSINF1101_adaptive", "taskid": "PairOpposite", "username": "superadmin", "grade": 0.0, "state": "", "submissionid": null, "succeeded": false, "tried": 0, "random": []}]