[{"_id": {"$oid": "5e839ba7a9de1241218a8694"}, "courseid": "LSINF1101_adaptive", "taskid": "Session1_QCM", "status": "done", "submitted_on": {"$date": 1585690567564}, "username": ["superadmin"], "response_type": "rst", "input": {"$oid": "5e839ba7a9de1241218a8692"}, "archive": null, "custom": {}, "grade": 66.67, "problems": {"qcm1": ["failed", "Wrong answer\n\nIn the Python language, whitespace in a variable's name is not allowed.\n\nYou can compensate with:\n\n-CamelCasing: myVar\n\n-Underscores: my_var (prefered Python naming conventions)"], "qcm11": ["failed", "Wrong answer\n\nThe result of the division is 14.333333334"], "qcm2": ["failed", "Wrong answer\n\nThe correct answer is not attained. Didn't you forget an iteration?"], "qcm7": ["success", "This would work but it is more efficient and clear to do it with this little trick:\n\n.. code-block:: python\n\n    a,b = b,a"]}, "result": "failed", "state": "", "stderr": null, "stdout": null, "tests": {}, "text": "You have 3 wrong answer(s).\n\n\nAmong them, you have 3 invalid answers in the multiple choice questions"}, {"_id": {"$oid": "5e839bc2a9de1241218a8697"}, "courseid": "LSINF1101_adaptive", "taskid": "Session1_QCM", "status": "done", "submitted_on": {"$date": 1585690594917}, "username": ["superadmin"], "response_type": "rst", "input": {"$oid": "5e839bc2a9de1241218a8695"}, "archive": null, "custom": {}, "grade": 88.89, "problems": {"qcm11": ["failed", "Wrong answer\n\nYou cannot concatenate a string and an int."], "qcm7": ["success", "This would work but it is more efficient and clear to do it with this little trick:\n\n.. code-block:: python\n\n    a,b = b,a"]}, "result": "failed", "state": "", "stderr": null, "stdout": null, "tests": {}, "text": "You have 1 wrong answer(s).\n\n\nAmong them, you have 1 invalid answers in the multiple choice questions"}, {"_id": {"$oid": "5e839bcda9de1241218a869a"}, "courseid": "LSINF1101_adaptive", "taskid": "Session1_QCM", "status": "done", "submitted_on": {"$date": 1585690605127}, "username": ["superadmin"], "response_type": "rst", "input": {"$oid": "5e839bcda9de1241218a8698"}, "archive": null, "custom": {}, "grade": 100.0, "problems": {"qcm7": ["success", "This would work but it is more efficient and clear to do it with this little trick:\n\n.. code-block:: python\n\n    a,b = b,a"]}, "result": "success", "state": "", "stderr": null, "stdout": null, "tests": {}, "text": ""}]