[{"_id": {"$oid": "5e8363ba493b9cb9cfe916e2"}, "courseid": "LSINF1101_adaptive", "taskid": "REAL01", "username": "superadmin", "grade": 0.0, "state": "", "submissionid": null, "succeeded": false, "tried": 0, "random": []}, {"_id": {"$oid": "5e836491493b9cb9cfe917bb"}, "courseid": "LSINF1101_adaptive", "taskid": "REAL02", "username": "superadmin", "grade": 0.0, "state": "", "submissionid": null, "succeeded": false, "tried": 0, "random": []}, {"_id": {"$oid": "5e8364a0493b9cb9cfe917d0"}, "courseid": "LSINF1101_adaptive", "taskid": "QBF02", "username": "superadmin", "grade": 0.0, "state": "", "submissionid": null, "succeeded": false, "tried": 0, "random": []}, {"_id": {"$oid": "5e8364b8493b9cb9cfe917e5"}, "courseid": "LSINF1101_adaptive", "taskid": "Interval", "username": "superadmin", "grade": 0.0, "state": "", "submissionid": null, "succeeded": false, "tried": 0, "random": []}, {"_id": {"$oid": "5e8364c3493b9cb9cfe917fb"}, "courseid": "LSINF1101_adaptive", "taskid": "Min", "username": "superadmin", "grade": 0.0, "state": "", "submissionid": null, "succeeded": false, "tried": 0, "random": []}, {"_id": {"$oid": "5e8364d0493b9cb9cfe9180f"}, "courseid": "LSINF1101_adaptive", "taskid": "unittest1", "username": "superadmin", "grade": 0.0, "state": "", "submissionid": null, "succeeded": false, "tried": 0, "random": []}, {"_id": {"$oid": "5e8364d8493b9cb9cfe9181b"}, "courseid": "LSINF1101_adaptive", "taskid": "FizzBuzz", "username": "superadmin", "grade": 0.0, "state": "", "submissionid": null, "succeeded": false, "tried": 0, "random": []}, {"_id": {"$oid": "5e8364ec493b9cb9cfe9183e"}, "courseid": "LSINF1101_adaptive", "taskid": "Remainder", "username": "superadmin", "grade": 0.0, "state": "", "submissionid": null, "succeeded": false, "tried": 0, "random": []}, {"_id": {"$oid": "5e8364f6493b9cb9cfe91852"}, "courseid": "LSINF1101_adaptive", "taskid": "Session3_QCM", "username": "superadmin", "grade": 0.0, "state": "", "submissionid": null, "succeeded": false, "tried": 0, "random": []}, {"_id": {"$oid": "5e83655f493b9cb9cfe91870"}, "courseid": "LSINF1101_adaptive", "taskid": "SimpleMax", "username": "superadmin", "grade": 0.0, "state": "", "submissionid": null, "succeeded": false, "tried": 0, "random": []}, {"_id": {"$oid": "5e836581493b9cb9cfe9188a"}, "courseid": "LSINF1101_adaptive", "taskid": "SimpleFactorial", "username": "superadmin", "grade": 0.0, "state": "", "submissionid": null, "succeeded": false, "tried": 0, "random": []}, {"_id": {"$oid": "5e836599493b9cb9cfe9189f"}, "courseid": "LSINF1101_adaptive", "taskid": "SimpleMath", "username": "superadmin", "grade": 0.0, "state": "", "submissionid": null, "succeeded": false, "tried": 0, "random": []}, {"_id": {"$oid": "5e8365aa493b9cb9cfe918b4"}, "courseid": "LSINF1101_adaptive", "taskid": "REAL03", "username": "superadmin", "grade": 0.0, "state": "", "submissionid": null, "succeeded": false, "tried": 0, "random": []}, {"_id": {"$oid": "5e8365f0493b9cb9cfe91911"}, "courseid": "LSINF1101_adaptive", "taskid": "QBF03", "username": "superadmin", "grade": 0.0, "state": "", "submissionid": null, "succeeded": false, "tried": 0, "random": []}, {"_id": {"$oid": "5e8365fe493b9cb9cfe91926"}, "courseid": "LSINF1101_adaptive", "taskid": "GD", "username": "superadmin", "grade": 0.0, "state": "", "submissionid": null, "succeeded": false, "tried": 0, "random": []}, {"_id": {"$oid": "5e83660c493b9cb9cfe9193a"}, "courseid": "LSINF1101_adaptive", "taskid": "Interests", "username": "superadmin", "grade": 0.0, "state": "", "submissionid": null, "succeeded": false, "tried": 0, "random": []}, {"_id": {"$oid": "5e836627493b9cb9cfe91950"}, "courseid": "LSINF1101_adaptive", "taskid": "GCD", "username": "superadmin", "grade": 0.0, "state": "", "submissionid": null, "succeeded": false, "tried": 0, "random": []}, {"_id": {"$oid": "5e836632493b9cb9cfe91964"}, "courseid": "LSINF1101_adaptive", "taskid": "Fibonacci", "username": "superadmin", "grade": 0.0, "state": "", "submissionid": null, "succeeded": false, "tried": 0, "random": []}, {"_id": {"$oid": "5e836642493b9cb9cfe91978"}, "courseid": "LSINF1101_adaptive", "taskid": "Quetelet", "username": "superadmin", "grade": 0.0, "state": "", "submissionid": null, "succeeded": false, "tried": 0, "random": []}, {"_id": {"$oid": "5e83664c493b9cb9cfe9198c"}, "courseid": "LSINF1101_adaptive", "taskid": "SpeedingFine", "username": "superadmin", "grade": 0.0, "state": "", "submissionid": null, "succeeded": false, "tried": 0, "random": []}, {"_id": {"$oid": "5e836657493b9cb9cfe919a0"}, "courseid": "LSINF1101_adaptive", "taskid": "2degree", "username": "superadmin", "grade": 0.0, "state": "", "submissionid": null, "succeeded": false, "tried": 0, "random": []}, {"_id": {"$oid": "5e83666b493b9cb9cfe919b5"}, "courseid": "LSINF1101_adaptive", "taskid": "Session4_QCM", "username": "superadmin", "grade": 0.0, "state": "", "submissionid": null, "succeeded": false, "tried": 0, "random": []}, {"_id": {"$oid": "5e836685493b9cb9cfe919cf"}, "courseid": "LSINF1101_adaptive", "taskid": "Hello", "username": "superadmin", "grade": 0.0, "state": "", "submissionid": null, "succeeded": false, "tried": 0, "random": []}, {"_id": {"$oid": "5e836695493b9cb9cfe919e4"}, "courseid": "LSINF1101_adaptive", "taskid": "Triangle", "username": "superadmin", "grade": 0.0, "state": "", "submissionid": null, "succeeded": false, "tried": 0, "random": []}, {"_id": {"$oid": "5e8366b0493b9cb9cfe919f9"}, "courseid": "LSINF1101_adaptive", "taskid": "Carre", "username": "superadmin", "grade": 0.0, "state": "", "submissionid": null, "succeeded": false, "tried": 0, "random": []}, {"_id": {"$oid": "5e8366c3493b9cb9cfe91a0e"}, "courseid": "LSINF1101_adaptive", "taskid": "Max", "username": "superadmin", "grade": 0.0, "state": "", "submissionid": null, "succeeded": false, "tried": 0, "random": []}, {"_id": {"$oid": "5e8366ed493b9cb9cfe91a2f"}, "courseid": "LSINF1101_adaptive", "taskid": "Ajoute", "username": "superadmin", "grade": 0.0, "state": "", "submissionid": null, "succeeded": false, "tried": 0, "random": []}, {"_id": {"$oid": "5e836701493b9cb9cfe91a44"}, "courseid": "LSINF1101_adaptive", "taskid": "Recherche", "username": "superadmin", "grade": 0.0, "state": "", "submissionid": null, "succeeded": false, "tried": 0, "random": []}, {"_id": {"$oid": "5e83670f493b9cb9cfe91a59"}, "courseid": "LSINF1101_adaptive", "taskid": "Testing", "username": "superadmin", "grade": 0.0, "state": "", "submissionid": null, "succeeded": false, "tried": 0, "random": []}, {"_id": {"$oid": "5e836724493b9cb9cfe91a70"}, "courseid": "LSINF1101_adaptive", "taskid": "ComprehensionTranslation", "username": "superadmin", "grade": 0.0, "state": "", "submissionid": null, "succeeded": false, "tried": 0, "random": []}, {"_id": {"$oid": "5e836734493b9cb9cfe91a84"}, "courseid": "LSINF1101_adaptive", "taskid": "Primes", "username": "superadmin", "grade": 0.0, "state": "", "submissionid": null, "succeeded": false, "tried": 0, "random": []}, {"_id": {"$oid": "5e836745493b9cb9cfe91a99"}, "courseid": "LSINF1101_adaptive", "taskid": "REAL04", "username": "superadmin", "grade": 0.0, "state": "", "submissionid": null, "succeeded": false, "tried": 0, "random": []}, {"_id": {"$oid": "5e83674f493b9cb9cfe91aad"}, "courseid": "LSINF1101_adaptive", "taskid": "QBF04", "username": "superadmin", "grade": 0.0, "state": "", "submissionid": null, "succeeded": false, "tried": 0, "random": []}, {"_id": {"$oid": "5e8367d7493b9cb9cfe91ace"}, "courseid": "LSINF1101_adaptive", "taskid": "Sum", "username": "superadmin", "grade": 0.0, "state": "", "submissionid": null, "succeeded": false, "tried": 0, "random": []}, {"_id": {"$oid": "5e8367e2493b9cb9cfe91ae2"}, "courseid": "LSINF1101_adaptive", "taskid": "Average", "username": "superadmin", "grade": 0.0, "state": "", "submissionid": null, "succeeded": false, "tried": 0, "random": []}, {"_id": {"$oid": "5e8367ec493b9cb9cfe91af6"}, "courseid": "LSINF1101_adaptive", "taskid": "DiffCount", "username": "superadmin", "grade": 0.0, "state": "", "submissionid": null, "succeeded": false, "tried": 0, "random": []}, {"_id": {"$oid": "5e8367f5493b9cb9cfe91b0a"}, "courseid": "LSINF1101_adaptive", "taskid": "2degree2", "username": "superadmin", "grade": 0.0, "state": "", "submissionid": null, "succeeded": false, "tried": 0, "random": []}, {"_id": {"$oid": "5e836803493b9cb9cfe91b1e"}, "courseid": "LSINF1101_adaptive", "taskid": "Hogwarts-I", "username": "superadmin", "grade": 0.0, "state": "", "submissionid": null, "succeeded": false, "tried": 0, "random": []}, {"_id": {"$oid": "5e83680e493b9cb9cfe91b32"}, "courseid": "LSINF1101_adaptive", "taskid": "PatternExtraction-I", "username": "superadmin", "grade": 0.0, "state": "", "submissionid": null, "succeeded": false, "tried": 0, "random": []}, {"_id": {"$oid": "5e83681a493b9cb9cfe91b46"}, "courseid": "LSINF1101_adaptive", "taskid": "PatternExtraction-II", "username": "superadmin", "grade": 0.0, "state": "", "submissionid": null, "succeeded": false, "tried": 0, "random": []}, {"_id": {"$oid": "5e836823493b9cb9cfe91b5a"}, "courseid": "LSINF1101_adaptive", "taskid": "Session5_QCM", "username": "superadmin", "grade": 0.0, "state": "", "submissionid": null, "succeeded": false, "tried": 0, "random": []}, {"_id": {"$oid": "5e836834493b9cb9cfe91b6f"}, "courseid": "LSINF1101_adaptive", "taskid": "Count", "username": "superadmin", "grade": 0.0, "state": "", "submissionid": null, "succeeded": false, "tried": 0, "random": []}, {"_id": {"$oid": "5e836848493b9cb9cfe91b8a"}, "courseid": "LSINF1101_adaptive", "taskid": "Count2", "username": "superadmin", "grade": 0.0, "state": "", "submissionid": null, "succeeded": false, "tried": 0, "random": []}, {"_id": {"$oid": "5e836855493b9cb9cfe91b9e"}, "courseid": "LSINF1101_adaptive", "taskid": "Append", "username": "superadmin", "grade": 0.0, "state": "", "submissionid": null, "succeeded": false, "tried": 0, "random": []}, {"_id": {"$oid": "5e836865493b9cb9cfe91bb3"}, "courseid": "LSINF1101_adaptive", "taskid": "Participants", "username": "superadmin", "grade": 0.0, "state": "", "submissionid": null, "succeeded": false, "tried": 0, "random": []}, {"_id": {"$oid": "5e83687c493b9cb9cfe91bc8"}, "courseid": "LSINF1101_adaptive", "taskid": "NestParticipants", "username": "superadmin", "grade": 0.0, "state": "", "submissionid": null, "succeeded": false, "tried": 0, "random": []}, {"_id": {"$oid": "5e836886493b9cb9cfe91bdc"}, "courseid": "LSINF1101_adaptive", "taskid": "BinarySearch", "username": "superadmin", "grade": 0.0, "state": "", "submissionid": null, "succeeded": false, "tried": 0, "random": []}, {"_id": {"$oid": "5e836898493b9cb9cfe91bf1"}, "courseid": "LSINF1101_adaptive", "taskid": "REAL05", "username": "superadmin", "grade": 0.0, "state": "", "submissionid": null, "succeeded": false, "tried": 0, "random": []}, {"_id": {"$oid": "5e8368a6493b9cb9cfe91c05"}, "courseid": "LSINF1101_adaptive", "taskid": "MergeList", "username": "superadmin", "grade": 0.0, "state": "", "submissionid": null, "succeeded": false, "tried": 0, "random": []}, {"_id": {"$oid": "5e8368b1493b9cb9cfe91c1a"}, "courseid": "LSINF1101_adaptive", "taskid": "Sort", "username": "superadmin", "grade": 0.0, "state": "", "submissionid": null, "succeeded": false, "tried": 0, "random": []}, {"_id": {"$oid": "5e8368bd493b9cb9cfe91c2e"}, "courseid": "LSINF1101_adaptive", "taskid": "Hogwarts-II", "username": "superadmin", "grade": 0.0, "state": "", "submissionid": null, "succeeded": false, "tried": 0, "random": []}, {"_id": {"$oid": "5e8368be493b9cb9cfe91c39"}, "courseid": "LSINF1101_adaptive", "taskid": "QBF05", "username": "superadmin", "grade": 0.0, "state": "", "submissionid": null, "succeeded": false, "tried": 0, "random": []}, {"_id": {"$oid": "5e8368be493b9cb9cfe91c44"}, "courseid": "LSINF1101_adaptive", "taskid": "Session6_QCM", "username": "superadmin", "grade": 0.0, "state": "", "submissionid": null, "succeeded": false, "tried": 0, "random": []}, {"_id": {"$oid": "5e8368f6493b9cb9cfe91c98"}, "courseid": "LSINF1101_adaptive", "taskid": "FileReading", "username": "superadmin", "grade": 0.0, "state": "", "submissionid": null, "succeeded": false, "tried": 0, "random": []}, {"_id": {"$oid": "5e836900493b9cb9cfe91cac"}, "courseid": "LSINF1101_adaptive", "taskid": "Coordinates", "username": "superadmin", "grade": 0.0, "state": "", "submissionid": null, "succeeded": false, "tried": 0, "random": []}, {"_id": {"$oid": "5e83690a493b9cb9cfe91cc0"}, "courseid": "LSINF1101_adaptive", "taskid": "Exceptions", "username": "superadmin", "grade": 0.0, "state": "", "submissionid": null, "succeeded": false, "tried": 0, "random": []}, {"_id": {"$oid": "5e836916493b9cb9cfe91cd5"}, "courseid": "LSINF1101_adaptive", "taskid": "REAL06", "username": "superadmin", "grade": 0.0, "state": "", "submissionid": null, "succeeded": false, "tried": 0, "random": []}, {"_id": {"$oid": "5e836920493b9cb9cfe91ce9"}, "courseid": "LSINF1101_adaptive", "taskid": "RSTTable", "username": "superadmin", "grade": 0.0, "state": "", "submissionid": null, "succeeded": false, "tried": 0, "random": []}, {"_id": {"$oid": "5e83692d493b9cb9cfe91cfd"}, "courseid": "LSINF1101_adaptive", "taskid": "Hogwarts-III", "username": "superadmin", "grade": 0.0, "state": "", "submissionid": null, "succeeded": false, "tried": 0, "random": []}, {"_id": {"$oid": "5e836939493b9cb9cfe91d11"}, "courseid": "LSINF1101_adaptive", "taskid": "Hogwarts-IV", "username": "superadmin", "grade": 0.0, "state": "", "submissionid": null, "succeeded": false, "tried": 0, "random": []}, {"_id": {"$oid": "5e836943493b9cb9cfe91d25"}, "courseid": "LSINF1101_adaptive", "taskid": "LoadSaveGame", "username": "superadmin", "grade": 0.0, "state": "", "submissionid": null, "succeeded": false, "tried": 0, "random": []}, {"_id": {"$oid": "5e83694d493b9cb9cfe91d39"}, "courseid": "LSINF1101_adaptive", "taskid": "QBF06", "username": "superadmin", "grade": 0.0, "state": "", "submissionid": null, "succeeded": false, "tried": 0, "random": []}, {"_id": {"$oid": "5e83695b493b9cb9cfe91d4d"}, "courseid": "LSINF1101_adaptive", "taskid": "Session7_QCM", "username": "superadmin", "grade": 0.0, "state": "", "submissionid": null, "succeeded": false, "tried": 0, "random": []}, {"_id": {"$oid": "5e83696b493b9cb9cfe91d62"}, "courseid": "LSINF1101_adaptive", "taskid": "Equals", "username": "superadmin", "grade": 0.0, "state": "", "submissionid": null, "succeeded": false, "tried": 0, "random": []}, {"_id": {"$oid": "5e836978493b9cb9cfe91d78"}, "courseid": "LSINF1101_adaptive", "taskid": "DictCreation", "username": "superadmin", "grade": 0.0, "state": "", "submissionid": null, "succeeded": false, "tried": 0, "random": []}, {"_id": {"$oid": "5e836987493b9cb9cfe91d8d"}, "courseid": "LSINF1101_adaptive", "taskid": "DictCreationMax", "username": "superadmin", "grade": 0.0, "state": "", "submissionid": null, "succeeded": false, "tried": 0, "random": []}, {"_id": {"$oid": "5e836993493b9cb9cfe91da1"}, "courseid": "LSINF1101_adaptive", "taskid": "TextToDic", "username": "superadmin", "grade": 0.0, "state": "", "submissionid": null, "succeeded": false, "tried": 0, "random": []}, {"_id": {"$oid": "5e83699d493b9cb9cfe91db5"}, "courseid": "LSINF1101_adaptive", "taskid": "DictKeyAccess", "username": "superadmin", "grade": 0.0, "state": "", "submissionid": null, "succeeded": false, "tried": 0, "random": []}, {"_id": {"$oid": "5e8369b3493b9cb9cfe91dca"}, "courseid": "LSINF1101_adaptive", "taskid": "REAL07", "username": "superadmin", "grade": 0.0, "state": "", "submissionid": null, "succeeded": false, "tried": 0, "random": []}, {"_id": {"$oid": "5e8369c0493b9cb9cfe91ddf"}, "courseid": "LSINF1101_adaptive", "taskid": "REAL07Review", "username": "superadmin", "grade": 0.0, "state": "", "submissionid": null, "succeeded": false, "tried": 0, "random": []}, {"_id": {"$oid": "5e8369ca493b9cb9cfe91df3"}, "courseid": "LSINF1101_adaptive", "taskid": "Hogwarts-V", "username": "superadmin", "grade": 0.0, "state": "", "submissionid": null, "succeeded": false, "tried": 0, "random": []}, {"_id": {"$oid": "5e8369d6493b9cb9cfe91e07"}, "courseid": "LSINF1101_adaptive", "taskid": "PatternExtraction-III", "username": "superadmin", "grade": 0.0, "state": "", "submissionid": null, "succeeded": false, "tried": 0, "random": []}, {"_id": {"$oid": "5e8369e0493b9cb9cfe91e1b"}, "courseid": "LSINF1101_adaptive", "taskid": "Morse", "username": "superadmin", "grade": 0.0, "state": "", "submissionid": null, "succeeded": false, "tried": 0, "random": []}, {"_id": {"$oid": "5e8369ea493b9cb9cfe91e2f"}, "courseid": "LSINF1101_adaptive", "taskid": "Translator", "username": "superadmin", "grade": 0.0, "state": "", "submissionid": null, "succeeded": false, "tried": 0, "random": []}, {"_id": {"$oid": "5e8369f7493b9cb9cfe91e43"}, "courseid": "LSINF1101_adaptive", "taskid": "DebtReminder", "username": "superadmin", "grade": 0.0, "state": "", "submissionid": null, "succeeded": false, "tried": 0, "random": []}, {"_id": {"$oid": "5e836a05493b9cb9cfe91e57"}, "courseid": "LSINF1101_adaptive", "taskid": "WrongIterations", "username": "superadmin", "grade": 0.0, "state": "", "submissionid": null, "succeeded": false, "tried": 0, "random": []}, {"_id": {"$oid": "5e836a16493b9cb9cfe91e6c"}, "courseid": "LSINF1101_adaptive", "taskid": "QBF07", "username": "superadmin", "grade": 0.0, "state": "", "submissionid": null, "succeeded": false, "tried": 0, "random": []}, {"_id": {"$oid": "5e836a52493b9cb9cfe91e91"}, "courseid": "LSINF1101_adaptive", "taskid": "Session8_QCM", "username": "superadmin", "grade": 0.0, "state": "", "submissionid": null, "succeeded": false, "tried": 0, "random": []}, {"_id": {"$oid": "5e83880572bf44a361e2abbe"}, "courseid": "LSINF1101_adaptive", "taskid": "RecursiveSum", "username": "superadmin", "grade": 0.0, "state": "", "submissionid": null, "succeeded": false, "tried": 0, "random": []}, {"_id": {"$oid": "5e83880f72bf44a361e2abd2"}, "courseid": "LSINF1101_adaptive", "taskid": "CountNested", "username": "superadmin", "grade": 0.0, "state": "", "submissionid": null, "succeeded": false, "tried": 0, "random": []}, {"_id": {"$oid": "5e83881a72bf44a361e2abe6"}, "courseid": "LSINF1101_adaptive", "taskid": "Flatten", "username": "superadmin", "grade": 0.0, "state": "", "submissionid": null, "succeeded": false, "tried": 0, "random": []}, {"_id": {"$oid": "5e83882872bf44a361e2abfa"}, "courseid": "LSINF1101_adaptive", "taskid": "Assistant", "username": "superadmin", "grade": 0.0, "state": "", "submissionid": null, "succeeded": false, "tried": 0, "random": []}, {"_id": {"$oid": "5e83883972bf44a361e2ac0f"}, "courseid": "LSINF1101_adaptive", "taskid": "Map", "username": "superadmin", "grade": 0.0, "state": "", "submissionid": null, "succeeded": false, "tried": 0, "random": []}, {"_id": {"$oid": "5e83884e72bf44a361e2ac26"}, "courseid": "LSINF1101_adaptive", "taskid": "Compose", "username": "superadmin", "grade": 0.0, "state": "", "submissionid": null, "succeeded": false, "tried": 0, "random": []}, {"_id": {"$oid": "5e83885772bf44a361e2ac3a"}, "courseid": "LSINF1101_adaptive", "taskid": "REAL08", "username": "superadmin", "grade": 0.0, "state": "", "submissionid": null, "succeeded": false, "tried": 0, "random": []}, {"_id": {"$oid": "5e83886072bf44a361e2ac4e"}, "courseid": "LSINF1101_adaptive", "taskid": "NestedMin", "username": "superadmin", "grade": 0.0, "state": "", "submissionid": null, "succeeded": false, "tried": 0, "random": []}, {"_id": {"$oid": "5e83886a72bf44a361e2ac62"}, "courseid": "LSINF1101_adaptive", "taskid": "NCompose", "username": "superadmin", "grade": 0.0, "state": "", "submissionid": null, "succeeded": false, "tried": 0, "random": []}, {"_id": {"$oid": "5e83887872bf44a361e2ac76"}, "courseid": "LSINF1101_adaptive", "taskid": "DeepConcat", "username": "superadmin", "grade": 0.0, "state": "", "submissionid": null, "succeeded": false, "tried": 0, "random": []}, {"_id": {"$oid": "5e83888172bf44a361e2ac8a"}, "courseid": "LSINF1101_adaptive", "taskid": "Acc", "username": "superadmin", "grade": 0.0, "state": "", "submissionid": null, "succeeded": false, "tried": 0, "random": []}, {"_id": {"$oid": "5e83888e72bf44a361e2ac9e"}, "courseid": "LSINF1101_adaptive", "taskid": "HighOrder", "username": "superadmin", "grade": 0.0, "state": "", "submissionid": null, "succeeded": false, "tried": 0, "random": []}, {"_id": {"$oid": "5e83889f72bf44a361e2acb3"}, "courseid": "LSINF1101_adaptive", "taskid": "Sieve", "username": "superadmin", "grade": 0.0, "state": "", "submissionid": null, "succeeded": false, "tried": 0, "random": []}, {"_id": {"$oid": "5e8388a972bf44a361e2acc7"}, "courseid": "LSINF1101_adaptive", "taskid": "RecursiveFactorial", "username": "superadmin", "grade": 0.0, "state": "", "submissionid": null, "succeeded": false, "tried": 0, "random": []}, {"_id": {"$oid": "5e8388b172bf44a361e2acdb"}, "courseid": "LSINF1101_adaptive", "taskid": "RecursiveFibonacci", "username": "superadmin", "grade": 0.0, "state": "", "submissionid": null, "succeeded": false, "tried": 0, "random": []}, {"_id": {"$oid": "5e8388ba72bf44a361e2acef"}, "courseid": "LSINF1101_adaptive", "taskid": "Memoization", "username": "superadmin", "grade": 0.0, "state": "", "submissionid": null, "succeeded": false, "tried": 0, "random": []}, {"_id": {"$oid": "5e8388c672bf44a361e2ad03"}, "courseid": "LSINF1101_adaptive", "taskid": "QBF08", "username": "superadmin", "grade": 0.0, "state": "", "submissionid": null, "succeeded": false, "tried": 0, "random": []}, {"_id": {"$oid": "5e8388cf72bf44a361e2ad17"}, "courseid": "LSINF1101_adaptive", "taskid": "Session9_QCM", "username": "superadmin", "grade": 0.0, "state": "", "submissionid": null, "succeeded": false, "tried": 0, "random": []}, {"_id": {"$oid": "5e83896072bf44a361e2ad3c"}, "courseid": "LSINF1101_adaptive", "taskid": "StudentInit", "username": "superadmin", "grade": 0.0, "state": "", "submissionid": null, "succeeded": false, "tried": 0, "random": []}, {"_id": {"$oid": "5e83897b72bf44a361e2ad5f"}, "courseid": "LSINF1101_adaptive", "taskid": "PairOpposite", "username": "superadmin", "grade": 0.0, "state": "", "submissionid": null, "succeeded": false, "tried": 0, "random": []}, {"_id": {"$oid": "5e83899a72bf44a361e2ad75"}, "courseid": "LSINF1101_adaptive", "taskid": "PairSame", "username": "superadmin", "grade": 0.0, "state": "", "submissionid": null, "succeeded": false, "tried": 0, "random": []}, {"_id": {"$oid": "5e8389ae72bf44a361e2ad8a"}, "courseid": "LSINF1101_adaptive", "taskid": "PairOrdered", "username": "superadmin", "grade": 0.0, "state": "", "submissionid": null, "succeeded": false, "tried": 0, "random": []}, {"_id": {"$oid": "5e8389df72bf44a361e2adaa"}, "courseid": "LSINF1101_adaptive", "taskid": "REAL09", "username": "superadmin", "grade": 0.0, "state": "", "submissionid": null, "succeeded": false, "tried": 0, "random": []}, {"_id": {"$oid": "5e8389ea72bf44a361e2adbe"}, "courseid": "LSINF1101_adaptive", "taskid": "SMSStore", "username": "superadmin", "grade": 0.0, "state": "", "submissionid": null, "succeeded": false, "tried": 0, "random": []}, {"_id": {"$oid": "5e8389f472bf44a361e2add2"}, "courseid": "LSINF1101_adaptive", "taskid": "StudentFileReading", "username": "superadmin", "grade": 0.0, "state": "", "submissionid": null, "succeeded": false, "tried": 0, "random": []}, {"_id": {"$oid": "5e838a0172bf44a361e2ade6"}, "courseid": "LSINF1101_adaptive", "taskid": "GUI", "username": "superadmin", "grade": 0.0, "state": "", "submissionid": null, "succeeded": false, "tried": 0, "random": []}, {"_id": {"$oid": "5e838a0b72bf44a361e2adfb"}, "courseid": "LSINF1101_adaptive", "taskid": "AmazonPay", "username": "superadmin", "grade": 0.0, "state": "", "submissionid": null, "succeeded": false, "tried": 0, "random": []}, {"_id": {"$oid": "5e838a1672bf44a361e2ae0f"}, "courseid": "LSINF1101_adaptive", "taskid": "DestroyAnEnnemy", "username": "superadmin", "grade": 0.0, "state": "", "submissionid": null, "succeeded": false, "tried": 0, "random": []}, {"_id": {"$oid": "5e838a2772bf44a361e2ae23"}, "courseid": "LSINF1101_adaptive", "taskid": "QBF09", "username": "superadmin", "grade": 0.0, "state": "", "submissionid": null, "succeeded": false, "tried": 0, "random": []}, {"_id": {"$oid": "5e838a3872bf44a361e2ae38"}, "courseid": "LSINF1101_adaptive", "taskid": "Session10_QCM", "username": "superadmin", "grade": 0.0, "state": "", "submissionid": null, "succeeded": false, "tried": 0, "random": []}, {"_id": {"$oid": "5e838a7a72bf44a361e2ae52"}, "courseid": "LSINF1101_adaptive", "taskid": "Ticket", "username": "superadmin", "grade": 0.0, "state": "", "submissionid": null, "succeeded": false, "tried": 0, "random": []}, {"_id": {"$oid": "5e838a7d72bf44a361e2ae5d"}, "courseid": "LSINF1101_adaptive", "taskid": "REAL10", "username": "superadmin", "grade": 0.0, "state": "", "submissionid": null, "succeeded": false, "tried": 0, "random": []}, {"_id": {"$oid": "5e838a9b72bf44a361e2ae8f"}, "courseid": "LSINF1101_adaptive", "taskid": "StudentConstructor", "username": "superadmin", "grade": 0.0, "state": "", "submissionid": null, "succeeded": false, "tried": 0, "random": []}, {"_id": {"$oid": "5e838aaa72bf44a361e2aea5"}, "courseid": "LSINF1101_adaptive", "taskid": "ZooGame", "username": "superadmin", "grade": 0.0, "state": "", "submissionid": null, "succeeded": false, "tried": 0, "random": []}, {"_id": {"$oid": "5e838ab772bf44a361e2aeba"}, "courseid": "LSINF1101_adaptive", "taskid": "DestroyAllEnnemies", "username": "superadmin", "grade": 0.0, "state": "", "submissionid": null, "succeeded": false, "tried": 0, "random": []}, {"_id": {"$oid": "5e838ac472bf44a361e2aece"}, "courseid": "LSINF1101_adaptive", "taskid": "QBF10", "username": "superadmin", "grade": 0.0, "state": "", "submissionid": null, "succeeded": false, "tried": 0, "random": []}, {"_id": {"$oid": "5e838ad172bf44a361e2aee2"}, "courseid": "LSINF1101_adaptive", "taskid": "Session10_2019_QCM", "username": "superadmin", "grade": 0.0, "state": "", "submissionid": null, "succeeded": false, "tried": 0, "random": []}, {"_id": {"$oid": "5e838b0a72bf44a361e2af15"}, "courseid": "LSINF1101_adaptive", "taskid": "AmazonConstructor", "username": "superadmin", "grade": 0.0, "state": "", "submissionid": null, "succeeded": false, "tried": 0, "random": []}, {"_id": {"$oid": "5e838b1472bf44a361e2af29"}, "courseid": "LSINF1101_adaptive", "taskid": "REAL10_2019", "username": "superadmin", "grade": 0.0, "state": "", "submissionid": null, "succeeded": false, "tried": 0, "random": []}, {"_id": {"$oid": "5e838b1d72bf44a361e2af3d"}, "courseid": "LSINF1101_adaptive", "taskid": "QBF10_2019", "username": "superadmin", "grade": 0.0, "state": "", "submissionid": null, "succeeded": false, "tried": 0, "random": []}, {"_id": {"$oid": "5e838b2872bf44a361e2af51"}, "courseid": "LSINF1101_adaptive", "taskid": "Session11_QCM", "username": "superadmin", "grade": 0.0, "state": "", "submissionid": null, "succeeded": false, "tried": 0, "random": []}, {"_id": {"$oid": "5e838b3172bf44a361e2af65"}, "courseid": "LSINF1101_adaptive", "taskid": "LinkedListInit", "username": "superadmin", "grade": 0.0, "state": "", "submissionid": null, "succeeded": false, "tried": 0, "random": []}, {"_id": {"$oid": "5e838bc672bf44a361e2af8b"}, "courseid": "LSINF1101_adaptive", "taskid": "LinkedListRemove", "username": "superadmin", "grade": 0.0, "state": "", "submissionid": null, "succeeded": false, "tried": 0, "random": []}, {"_id": {"$oid": "5e838bd272bf44a361e2afa1"}, "courseid": "LSINF1101_adaptive", "taskid": "LinkedListInsert", "username": "superadmin", "grade": 0.0, "state": "", "submissionid": null, "succeeded": false, "tried": 0, "random": []}, {"_id": {"$oid": "5e838bdd72bf44a361e2afb5"}, "courseid": "LSINF1101_adaptive", "taskid": "REAL11", "username": "superadmin", "grade": 0.0, "state": "", "submissionid": null, "succeeded": false, "tried": 0, "random": []}, {"_id": {"$oid": "5e838be872bf44a361e2afc9"}, "courseid": "LSINF1101_adaptive", "taskid": "LinkedListStr", "username": "superadmin", "grade": 0.0, "state": "", "submissionid": null, "succeeded": false, "tried": 0, "random": []}, {"_id": {"$oid": "5e838bf172bf44a361e2afdd"}, "courseid": "LSINF1101_adaptive", "taskid": "LinkedListEndRemove", "username": "superadmin", "grade": 0.0, "state": "", "submissionid": null, "succeeded": false, "tried": 0, "random": []}, {"_id": {"$oid": "5e838bfb72bf44a361e2aff1"}, "courseid": "LSINF1101_adaptive", "taskid": "LinkedList", "username": "superadmin", "grade": 0.0, "state": "", "submissionid": null, "succeeded": false, "tried": 0, "random": []}, {"_id": {"$oid": "5e838c0672bf44a361e2b005"}, "courseid": "LSINF1101_adaptive", "taskid": "DoubleLink", "username": "superadmin", "grade": 0.0, "state": "", "submissionid": null, "succeeded": false, "tried": 0, "random": []}, {"_id": {"$oid": "5e838c1072bf44a361e2b019"}, "courseid": "LSINF1101_adaptive", "taskid": "LinkedListChildren", "username": "superadmin", "grade": 0.0, "state": "", "submissionid": null, "succeeded": false, "tried": 0, "random": []}, {"_id": {"$oid": "5e838c1a72bf44a361e2b02d"}, "courseid": "LSINF1101_adaptive", "taskid": "QBF11", "username": "superadmin", "grade": 0.0, "state": "", "submissionid": null, "succeeded": false, "tried": 0, "random": []}, {"_id": {"$oid": "5e838c2872bf44a361e2b041"}, "courseid": "LSINF1101_adaptive", "taskid": "PathModule", "username": "superadmin", "grade": 0.0, "state": "", "submissionid": null, "succeeded": false, "tried": 0, "random": []}, {"_id": {"$oid": "5e838f7672bf44a361e2b0ad"}, "courseid": "LSINF1101_adaptive", "taskid": "Counters", "username": "superadmin", "grade": 0.0, "state": "", "submissionid": null, "succeeded": false, "tried": 0, "random": []}, {"_id": {"$oid": "5e838f8072bf44a361e2b0c1"}, "courseid": "LSINF1101_adaptive", "taskid": "REAL12", "username": "superadmin", "grade": 0.0, "state": "", "submissionid": null, "succeeded": false, "tried": 0, "random": []}, {"_id": {"$oid": "5e838f8972bf44a361e2b0d5"}, "courseid": "LSINF1101_adaptive", "taskid": "Exam-Enonce", "username": "superadmin", "grade": 0.0, "state": "", "submissionid": null, "succeeded": false, "tried": 0, "random": []}, {"_id": {"$oid": "5e839af972bf44a361e2b36b"}, "courseid": "LSINF1101_adaptive", "taskid": "Session1_QCM", "username": "superadmin", "grade": 100.0, "state": "", "submissionid": {"$oid": "5e839bcda9de1241218a869a"}, "succeeded": true, "tried": 3, "random": [], "tokens": {"amount": 3}}]